{"stringId":"fences:yellow_wood_plank_fence","blockStates":{"north=false,east=false,south=false,west=false":{"modelName":"model_yellow_wood_plank_fence_post","isOpaque":false,"isTransparent":true,"lightAttenuation":15,"generateSlabs":false,"lightLevelRed":13,"lightLevelGreen":13,"lightLevelBlue":0},"north=false,east=false,south=false,west=true":{"modelName":"model_yellow_wood_plank_fence_w","isOpaque":false,"isTransparent":true,"lightAttenuation":15,"generateSlabs":false,"lightLevelRed":13,"lightLevelGreen":13,"lightLevelBlue":0},"north=false,east=false,south=true,west=false":{"modelName":"model_yellow_wood_plank_fence_s","isOpaque":false,"isTransparent":true,"lightAttenuation":15,"generateSlabs":false,"lightLevelRed":13,"lightLevelGreen":13,"lightLevelBlue":0},"north=false,east=false,south=true,west=true":{"modelName":"model_yellow_wood_plank_fence_sw","isOpaque":false,"isTransparent":true,"lightAttenuation":15,"generateSlabs":false,"lightLevelRed":13,"lightLevelGreen":13,"lightLevelBlue":0},"north=false,east=true,south=false,west=false":{"modelName":"model_yellow_wood_plank_fence_e","isOpaque":false,"isTransparent":true,"lightAttenuation":15,"generateSlabs":false,"lightLevelRed":13,"lightLevelGreen":13,"lightLevelBlue":0},"north=false,east=true,south=false,west=true":{"modelName":"model_yellow_wood_plank_fence_ew","isOpaque":false,"isTransparent":true,"lightAttenuation":15,"generateSlabs":false,"lightLevelRed":13,"lightLevelGreen":13,"lightLevelBlue":0},"north=false,east=true,south=true,west=false":{"modelName":"model_yellow_wood_plank_fence_es","isOpaque":false,"isTransparent":true,"lightAttenuation":15,"generateSlabs":false,"lightLevelRed":13,"lightLevelGreen":13,"lightLevelBlue":0},"north=false,east=true,south=true,west=true":{"modelName":"model_yellow_wood_plank_fence_esw","isOpaque":false,"isTransparent":true,"lightAttenuation":15,"generateSlabs":false,"lightLevelRed":13,"lightLevelGreen":13,"lightLevelBlue":0},"north=true,east=false,south=false,west=false":{"modelName":"model_yellow_wood_plank_fence_n","isOpaque":false,"isTransparent":true,"lightAttenuation":15,"generateSlabs":false,"lightLevelRed":13,"lightLevelGreen":13,"lightLevelBlue":0},"north=true,east=false,south=false,west=true":{"modelName":"model_yellow_wood_plank_fence_nw","isOpaque":false,"isTransparent":true,"lightAttenuation":15,"generateSlabs":false,"lightLevelRed":13,"lightLevelGreen":13,"lightLevelBlue":0},"north=true,east=false,south=true,west=false":{"modelName":"model_yellow_wood_plank_fence_ns","isOpaque":false,"isTransparent":true,"lightAttenuation":15,"generateSlabs":false,"lightLevelRed":13,"lightLevelGreen":13,"lightLevelBlue":0},"north=true,east=false,south=true,west=true":{"modelName":"model_yellow_wood_plank_fence_nsw","isOpaque":false,"isTransparent":true,"lightAttenuation":15,"generateSlabs":false,"lightLevelRed":13,"lightLevelGreen":13,"lightLevelBlue":0},"north=true,east=true,south=false,west=false":{"modelName":"model_yellow_wood_plank_fence_ne","isOpaque":false,"isTransparent":true,"lightAttenuation":15,"generateSlabs":false,"lightLevelRed":13,"lightLevelGreen":13,"lightLevelBlue":0},"north=true,east=true,south=false,west=true":{"modelName":"model_yellow_wood_plank_fence_new","isOpaque":false,"isTransparent":true,"lightAttenuation":15,"generateSlabs":false,"lightLevelRed":13,"lightLevelGreen":13,"lightLevelBlue":0},"north=true,east=true,south=true,west=false":{"modelName":"model_yellow_wood_plank_fence_nes","isOpaque":false,"isTransparent":true,"lightAttenuation":15,"generateSlabs":false,"lightLevelRed":13,"lightLevelGreen":13,"lightLevelBlue":0},"north=true,east=true,south=true,west=true":{"modelName":"model_yellow_wood_plank_fence_nesw","isOpaque":false,"isTransparent":true,"lightAttenuation":15,"generateSlabs":false,"lightLevelRed":13,"lightLevelGreen":13,"lightLevelBlue":0}}}