{
    "stringId": "base:cube",
    "blockStates":
    {
        "color1": 
        {
            "modelName": "model_color1",
            "generateSlabs": true
        },
		"color2": 
        {
            "modelName": "model_color2",
            "generateSlabs": true
        },
		"color3": 
        {
            "modelName": "model_color3",
            "generateSlabs": true
        },
		"color4": 
        {
            "modelName": "model_color4",
            "generateSlabs": true
        },
		"color5": 
        {
            "modelName": "model_color5",
            "generateSlabs": true
        },
		"color6": 
        {
            "modelName": "model_color6",
            "generateSlabs": true
        },
		"color7": 
        {
            "modelName": "model_color7",
            "generateSlabs": true
        },
		"color8": 
        {
            "modelName": "model_color8",
            "generateSlabs": true
        },
		"color9": 
        {
            "modelName": "model_color9",
            "generateSlabs": true
        },
		"color10": 
        {
            "modelName": "model_color10",
            "generateSlabs": true
        },
		"color11": 
        {
            "modelName": "model_color11",
            "generateSlabs": true
        },
		"color12": 
        {
            "modelName": "model_color12",
            "generateSlabs": true
        },
		"color13": 
        {
            "modelName": "model_color13",
            "generateSlabs": true
        },
		"color14": 
        {
            "modelName": "model_color14",
            "generateSlabs": true
        },
		"color15": 
        {
            "modelName": "model_color15",
            "generateSlabs": true
        },
		"color16": 
        {
            "modelName": "model_color16",
            "generateSlabs": true
        }
    }
}