{
    "stringId": "fungis:bulb",
    "blockStates":
    {
        "color=none": 
        {
            "modelName": "bulb",
            "isOpaque": false,
            "isTransparent": true,
            "lightAttenuation": 0,
            "walkThrough": true,
            "lightLevelRed": 15,
            "lightLevelGreen": 15,
            "lightLevelBlue": 15
        },
        "color=red": 
        {
            "modelName": "red_bulb",
            "isOpaque": false,
            "isTransparent": true,
            "lightAttenuation": 0,
            "walkThrough": true,
            "lightLevelRed": 15,
            "lightLevelGreen": 0,
            "lightLevelBlue": 0
        },
        "color=green": 
        {
            "modelName": "green_bulb",
            "isOpaque": false,
            "isTransparent": true,
            "lightAttenuation": 0,
            "walkThrough": true,
            "lightLevelRed": 0,
            "lightLevelGreen": 15,
            "lightLevelBlue": 0
        },
        "color=blue": 
        {
            "modelName": "blue_bulb",
            "isOpaque": false,
            "isTransparent": true,
            "lightAttenuation": 0,
            "walkThrough": true,
            "lightLevelRed": 0,
            "lightLevelGreen": 0,
            "lightLevelBlue": 15
        }
    }
}