{
    "stringId": "fungis:mushroom",
    "blockStates":
    {
        "type=red": 
        {
            "modelName": "red_mushroom",
            "isOpaque": false,
            "isTransparent": true,
            "lightAttenuation": 0,
            "walkThrough": true
        },
        "type=flat": 
        {
            "modelName": "flat_mushroom",
            "isOpaque": false,
            "isTransparent": true,
            "lightAttenuation": 0,
            "walkThrough": true
        },
        "type=death": 
        {
            "modelName": "death_mushroom",
            "isOpaque": false,
            "isTransparent": true,
            "lightAttenuation": 0,
            "walkThrough": true
        }
    }
}