{
    "stringId": "base:wood_planks",
    "blockStates":
    {
        "color=none": 
        {
            "modelName": "model_wood_planks",
            "generateSlabs": true
        },
        "color=white": 
        {
            "modelName": "model_wood_planks_white",
            "generateSlabs": true
        },
        "color=red": 
        {
            "modelName": "model_wood_planks_red",
            "generateSlabs": true
        },
        "color=orange": 
        {
            "modelName": "model_wood_planks_orange",
            "generateSlabs": true
        },
        "color=yellow": 
        {
            "modelName": "model_wood_planks_yellow",
            "generateSlabs": true
        },
        "color=lime": 
        {
            "modelName": "model_wood_planks_lime",
            "generateSlabs": true
        },
        "color=green": 
        {
            "modelName": "model_wood_planks_green",
            "generateSlabs": true
        },
        "color=spring_green": 
        {
            "modelName": "model_wood_planks_spring_green",
            "generateSlabs": true
        },
        "color=cyan": 
        {
            "modelName": "model_wood_planks_cyan",
            "generateSlabs": true
        },
        "color=azure": 
        {
            "modelName": "model_wood_planks_azure",
            "generateSlabs": true
        },
        "color=blue": 
        {
            "modelName": "model_wood_planks_blue",
            "generateSlabs": true
        },
        "color=violet": 
        {
            "modelName": "model_wood_planks_violet",
            "generateSlabs": true
        },
        "color=magenta": 
        {
            "modelName": "model_wood_planks_magenta",
            "generateSlabs": true
        },
        "color=rose": 
        {
            "modelName": "model_wood_planks_rose",
            "generateSlabs": true
        }
    }
}