{
    "stringId": "sfurnituremod:chair",
    "blockStates":
    {
        "north": 
        {
            "modelName": "model_chairn",
			"walkThrough": true,
            "canRaycastForPlaceOn": false
        }
		"south": 
        {
            "modelName": "model_chairs",
			"walkThrough": true,
            "canRaycastForPlaceOn": false
        }
		"east": 
        {
            "modelName": "model_chaire",
			"walkThrough": true,
            "canRaycastForPlaceOn": false
        }
		"west": 
        {
            "modelName": "model_chairw",
			"walkThrough": true,
            "canRaycastForPlaceOn": false
        }
    }
}