{
    "stringId": "fungis:cloth",
    "blockStates":
    {
        "color=white": 
        {
            "modelName": "model_cloth_white"
        },
        "color=red": 
        {
            "modelName": "model_cloth_red"
        },
        "color=orange": 
        {
            "modelName": "model_cloth_orange"
        },
        "color=yellow": 
        {
            "modelName": "model_cloth_yellow"
        },
        "color=lime": 
        {
            "modelName": "model_cloth_lime"
        },
        "color=green": 
        {
            "modelName": "model_cloth_green"
        },
        "color=spring_green": 
        {
            "modelName": "model_cloth_spring_green"
        },
        "color=cyan": 
        {
            "modelName": "model_cloth_cyan"
        },
        "color=azure": 
        {
            "modelName": "model_cloth_azure"
        },
        "color=blue": 
        {
            "modelName": "model_cloth_blue"
        },
        "color=violet": 
        {
            "modelName": "model_cloth_violet"
        },
        "color=magenta": 
        {
            "modelName": "model_cloth_magenta"
        },
        "color=rose": 
        {
            "modelName": "model_cloth_rose"
        }
    }
}