{
    "stringId": "dice:dice",
    "blockStates":
    {
        "0": 
        {
            "modelName": "dice0",
            "generateSlabs": true
        }
		"1": 
        {
            "modelName": "dice1",
            "generateSlabs": true
        }
		"2": 
        {
            "modelName": "dice2",
            "generateSlabs": true
        }
		"3": 
        {
            "modelName": "dice3",
            "generateSlabs": true
        }
		"4": 
        {
            "modelName": "dice4",
            "generateSlabs": true
        }
		"5": 
        {
            "modelName": "dice5",
            "generateSlabs": true
        }
		"6": 
        {
            "modelName": "dice6",
            "generateSlabs": true
        }
    }
}