{
	
	"textures": {
		"2": {
            "fileName": "metal_panel.png"
        }
		
	},
	"cuboids": [
		{
			"localBounds": [5, 0, 0, 11, 1, 16 ],
			
			"faces": {
				"localNegX": {"uv": [3.5, 5.25, 5, 5.5], "ambientocclusion": true, "cullFace": false, "texture": "2"},
				"localPosX": {"uv": [4.5, 3.5, 8.5, 3.75], "ambientocclusion": true, "cullFace": false, "texture": "2"},
				"localNegY": {"uv": [5, 5.25, 6.5, 5.5], "ambientocclusion": true, "cullFace": false, "texture": "2"},
				"localPosY": {"uv": [4.5, 3.75, 8.5, 4], "ambientocclusion": true, "cullFace": false, "texture": "2"},
				"localNegZ": {"uv": [4.5, 4, 3, 0], "ambientocclusion": true, "cullFace": false, "texture": "2"},
				"localPosZ": {"uv": [1.5, 4, 0, 8], "ambientocclusion": true, "cullFace": false, "texture": "2"}
			}
		},
		{
			"localBounds": [5, 5, 0, 11, 6, 16],
			"faces": {
				"localNegX": {"uv": [3.5, 5, 5, 5.25],"ambientocclusion": true, "cullFace": false,  "texture": "2"},
				"localPosX": {"uv": [4.5, 1, 8.5, 1.25],"ambientocclusion": true, "cullFace": false,  "texture": "2"},
				"localNegY": {"uv": [5, 5, 6.5, 5.25], "ambientocclusion": true, "cullFace": false, "texture": "2"},
				"localPosY": {"uv": [4.5, 1.25, 8.5, 1.5], "ambientocclusion": true, "cullFace": false, "texture": "2"},
				"localNegZ": {"uv": [1.5, 4, 0, 0],"ambientocclusion": true, "cullFace": false,  "texture": "2"},
				"localPosZ": {"uv": [3, 0, 1.5, 4],"ambientocclusion": true, "cullFace": false,  "texture": "2"}
			}
		},
		{
			"localBounds": [6, 1, 0 , 10, 5, 16],
			
			"faces": {
				"localNegX": {"uv": [4.5, 1.5, 5.5, 2.5],"ambientocclusion": true, "cullFace": false,  "texture": "2"},
				"localPosX": {"uv": [1.5, 4, 5.5, 5], "ambientocclusion": true, "cullFace": false, "texture": "2"},
				"localNegY": {"uv": [4.5, 2.5, 5.5, 3.5], "ambientocclusion": true, "cullFace": false, "texture": "2"},
				"localPosY": {"uv": [4.5, 0, 8.5, 1], "ambientocclusion": true, "cullFace": false, "texture": "2"},
				"localNegZ": {"uv": [2.5, 9, 1.5, 5], "ambientocclusion": true, "cullFace": false, "texture": "2"},
				"localPosZ": {"uv": [3.5, 5, 2.5, 9],"ambientocclusion": true, "cullFace": false,  "texture": "2"}
			}
		}
	]
}