{
    "cuboids":
    [
        {
            "localBounds": [0,0,8, 16,16,8],
            "faces":
            {
                "localNegX": {"uv": [ 0, 0, 16, 16 ], "ambientocclusion": true, "texture": "side"},
                "localPosX": {"uv": [ 0, 0, 16, 16 ], "ambientocclusion": true, "texture": "side"},
                "localNegZ": {"uv": [ 0, 0, 16, 16 ], "ambientocclusion": true, "texture": "side"},
                "localPosZ": {"uv": [ 0, 0, 16, 16 ], "ambientocclusion": true, "texture": "side"},
            }
        },
        {
            "localBounds": [8,0,0, 8,16,16],
            "faces":
            {
                "localNegX": {"uv": [ 0, 0, 16, 16 ], "ambientocclusion": true, "texture": "side"},
                "localPosX": {"uv": [ 0, 0, 16, 16 ], "ambientocclusion": true, "texture": "side"},
                "localNegZ": {"uv": [ 0, 0, 16, 16 ], "ambientocclusion": true, "texture": "side"},
                "localPosZ": {"uv": [ 0, 0, 16, 16 ], "ambientocclusion": true, "texture": "side"},
            }
        }
    ]
}