{"textures":{"default":{"fileName":"light_azure_slab.png"}},"cuboids":[{"localBounds":[6,0,6,10,16,10],"faces":{"localNegX":{"uv":[6,0,10,16],"ambientocclusion":false,"cullFace":false,"texture":"default"},"localNegY":{"uv":[10,10,6,6],"ambientocclusion":false,"cullFace":true,"texture":"default"},"localNegZ":{"uv":[10,0,6,16],"ambientocclusion":false,"cullFace":false,"texture":"default"},"localPosX":{"uv":[6,0,10,16],"ambientocclusion":false,"cullFace":false,"texture":"default"},"localPosY":{"uv":[10,10,6,6],"ambientocclusion":false,"cullFace":true,"texture":"default"},"localPosZ":{"uv":[6,0,10,16],"ambientocclusion":false,"cullFace":false,"texture":"default"}}},{"localBounds":[0,5,6.999999999999999,8,7,9],"faces":{"localNegX":{"uv":[6.999999999999999,9,9,11],"ambientocclusion":false,"cullFace":true,"texture":"default"},"localNegY":{"uv":[16,9,8,6.999999999999999],"ambientocclusion":false,"cullFace":false,"texture":"default"},"localNegZ":{"uv":[16,9,8,11],"ambientocclusion":false,"cullFace":false,"texture":"default"},"localPosX":{"uv":[7,9,9,11],"ambientocclusion":false,"cullFace":false,"texture":"default"},"localPosY":{"uv":[16,9,8,7],"ambientocclusion":false,"cullFace":false,"texture":"default"},"localPosZ":{"uv":[0,9,8,11],"ambientocclusion":false,"cullFace":false,"texture":"default"}}},{"localBounds":[0,9,6.999999999999999,8,11,9],"faces":{"localNegX":{"uv":[6.999999999999999,5,9,7],"ambientocclusion":false,"cullFace":true,"texture":"default"},"localNegY":{"uv":[16,9,8,6.999999999999999],"ambientocclusion":false,"cullFace":false,"texture":"default"},"localNegZ":{"uv":[16,5,8,7],"ambientocclusion":false,"cullFace":false,"texture":"default"},"localPosX":{"uv":[7,5,9,7],"ambientocclusion":false,"cullFace":false,"texture":"default"},"localPosY":{"uv":[16,9,8,7],"ambientocclusion":false,"cullFace":false,"texture":"default"},"localPosZ":{"uv":[0,5,8,7],"ambientocclusion":false,"cullFace":false,"texture":"default"}}},{"localBounds":[0,13,6.999999999999999,8,15,9],"faces":{"localNegX":{"uv":[6.999999999999999,1,9,3],"ambientocclusion":false,"cullFace":true,"texture":"default"},"localNegY":{"uv":[16,9,8,6.999999999999999],"ambientocclusion":false,"cullFace":false,"texture":"default"},"localNegZ":{"uv":[16,1,8,3],"ambientocclusion":false,"cullFace":false,"texture":"default"},"localPosX":{"uv":[7,1,9,3],"ambientocclusion":false,"cullFace":false,"texture":"default"},"localPosY":{"uv":[16,9,8,7],"ambientocclusion":false,"cullFace":false,"texture":"default"},"localPosZ":{"uv":[0,1,8,3],"ambientocclusion":false,"cullFace":false,"texture":"default"}}}]}