{
	

	"textures": {
		"bulb":
        {
            "fileName": "debug.png"
        },
		"bulb2":
        {
            "fileName": "copper.png"
        },
		"bulb3":
        {
            "fileName": "bulb2.png"
        }
		
	},
	"cuboids": [
		{
			"localBounds": [5, 0, 5,11, 8, 11],
			
			"faces": {
				"localPosX": {"uv": [6, 1, 13, 6], "texture": "bulb3"},
				"localNegX": {"uv": [6, 1, 13, 6], "texture": "bulb3"},
				"localPosZ": {"uv": [6, 1, 13, 6], "texture": "bulb3"},
				"localNegZ": {"uv": [6, 1, 13, 6], "texture": "bulb3"},
				"localPosY": {"uv": [1, 7, 7, 14], "texture": "bulb3"},
				"localNegY": {"uv": [1, 1, 6, 6], "texture": "bulb3"}
			}
		},
		{
			"localBounds": [7, 0, 7,9, 4, 9],
			
			"faces": {
				"localPosX": {"uv": [13, 3, 14, 7], "texture": "bulb3"},
				"localNegX": {"uv": [13, 3, 14, 7], "texture": "bulb3"},
				"localPosZ": {"uv": [13, 3, 14, 7], "texture": "bulb3"},
				"localNegZ": {"uv": [13, 3, 14, 7], "texture": "bulb3"},
				"localPosY": {"uv": [15, 1, 16, 2], "texture": "bulb3"},
				"localNegY": {"uv": [1, 15, 2, 16], "texture": "bulb3"}
			}
		}
	]
}