{"textures":{"post-left":{"fileName":"birch_log_side.png"},"post-right":{"fileName":"birch_log_side.png"},"post-top":{"fileName":"birch_log.png"},"post-bottom":{"fileName":"birch_log.png"},"post-front":{"fileName":"birch_log_side.png"},"post-back":{"fileName":"birch_log_side.png"},"default":{"fileName":"birch_planks.png"}},"cuboids":[{"localBounds":[6,0,6,10,16,10],"faces":{"localNegX":{"uv":[6,0,10,16],"ambientocclusion":false,"cullFace":false,"texture":"post-left"},"localNegY":{"uv":[10,10,6,6],"ambientocclusion":false,"cullFace":true,"texture":"post-bottom"},"localNegZ":{"uv":[10,0,6,16],"ambientocclusion":false,"cullFace":false,"texture":"post-back"},"localPosX":{"uv":[6,0,10,16],"ambientocclusion":false,"cullFace":false,"texture":"post-right"},"localPosY":{"uv":[10,10,6,6],"ambientocclusion":false,"cullFace":true,"texture":"post-top"},"localPosZ":{"uv":[6,0,10,16],"ambientocclusion":false,"cullFace":false,"texture":"post-front"}}},{"localBounds":[7,5,0,9,7,8],"faces":{"localNegX":{"uv":[0,9,8,11],"ambientocclusion":false,"cullFace":false,"texture":"default"},"localNegY":{"uv":[9,8,7,0],"ambientocclusion":false,"cullFace":false,"texture":"default"},"localNegZ":{"uv":[9,9,7,11],"ambientocclusion":false,"cullFace":true,"texture":"default"},"localPosX":{"uv":[8,9,16,11],"ambientocclusion":false,"cullFace":false,"texture":"default"},"localPosY":{"uv":[9,16,7,8],"ambientocclusion":false,"cullFace":false,"texture":"default"},"localPosZ":{"uv":[7,9,9,11],"ambientocclusion":false,"cullFace":false,"texture":"default"}}},{"localBounds":[7,9,0,9,11,8],"faces":{"localNegX":{"uv":[0,5,8,7],"ambientocclusion":false,"cullFace":false,"texture":"default"},"localNegY":{"uv":[9,8,7,0],"ambientocclusion":false,"cullFace":false,"texture":"default"},"localNegZ":{"uv":[9,5,7,7],"ambientocclusion":false,"cullFace":true,"texture":"default"},"localPosX":{"uv":[8,5,16,7],"ambientocclusion":false,"cullFace":false,"texture":"default"},"localPosY":{"uv":[9,16,7,8],"ambientocclusion":false,"cullFace":false,"texture":"default"},"localPosZ":{"uv":[7,5,9,7],"ambientocclusion":false,"cullFace":false,"texture":"default"}}},{"localBounds":[7,13,0,9,15,8],"faces":{"localNegX":{"uv":[0,1,8,3],"ambientocclusion":false,"cullFace":false,"texture":"default"},"localNegY":{"uv":[9,8,7,0],"ambientocclusion":false,"cullFace":false,"texture":"default"},"localNegZ":{"uv":[9,1,7,3],"ambientocclusion":false,"cullFace":true,"texture":"default"},"localPosX":{"uv":[8,1,16,3],"ambientocclusion":false,"cullFace":false,"texture":"default"},"localPosY":{"uv":[9,16,7,8],"ambientocclusion":false,"cullFace":false,"texture":"default"},"localPosZ":{"uv":[7,1,9,3],"ambientocclusion":false,"cullFace":false,"texture":"default"}}},{"localBounds":[8,5,7,16,7,9],"faces":{"localNegX":{"uv":[7,9,9,11],"ambientocclusion":false,"cullFace":false,"texture":"default"},"localNegY":{"uv":[8,9,0,7],"ambientocclusion":false,"cullFace":false,"texture":"default"},"localNegZ":{"uv":[8,9,0,11],"ambientocclusion":false,"cullFace":false,"texture":"default"},"localPosX":{"uv":[7,9,9,11],"ambientocclusion":false,"cullFace":true,"texture":"default"},"localPosY":{"uv":[8,9,0,7],"ambientocclusion":false,"cullFace":false,"texture":"default"},"localPosZ":{"uv":[8,9,16,11],"ambientocclusion":false,"cullFace":false,"texture":"default"}}},{"localBounds":[8,9,7,16,11,9],"faces":{"localNegX":{"uv":[7,5,9,7],"ambientocclusion":false,"cullFace":false,"texture":"default"},"localNegY":{"uv":[8,9,0,7],"ambientocclusion":false,"cullFace":false,"texture":"default"},"localNegZ":{"uv":[8,5,0,7],"ambientocclusion":false,"cullFace":false,"texture":"default"},"localPosX":{"uv":[7,5,9,7],"ambientocclusion":false,"cullFace":true,"texture":"default"},"localPosY":{"uv":[8,9,0,7],"ambientocclusion":false,"cullFace":false,"texture":"default"},"localPosZ":{"uv":[8,5,16,7],"ambientocclusion":false,"cullFace":false,"texture":"default"}}},{"localBounds":[8,13,7,16,15,9],"faces":{"localNegX":{"uv":[7,1,9,3],"ambientocclusion":false,"cullFace":false,"texture":"default"},"localNegY":{"uv":[8,9,0,7],"ambientocclusion":false,"cullFace":false,"texture":"default"},"localNegZ":{"uv":[8,1,0,3],"ambientocclusion":false,"cullFace":false,"texture":"default"},"localPosX":{"uv":[7,1,9,3],"ambientocclusion":false,"cullFace":true,"texture":"default"},"localPosY":{"uv":[8,9,0,7],"ambientocclusion":false,"cullFace":false,"texture":"default"},"localPosZ":{"uv":[8,1,16,3],"ambientocclusion":false,"cullFace":false,"texture":"default"}}}]}