{
	"textures":
    {
        "all":
        {
            "fileName": "wood_planks.png"
        },
    },
    "cuboids":
    [
        {
            "localBounds": [2,8,2, 14,10,12],
            "faces":
            {
                "localNegX": {"uv": [ 0, 0, 16, 16 ], "ambientocclusion": true, "cullFace": false, "texture": "side"},
                "localPosX": {"uv": [ 0, 0, 16, 16 ], "ambientocclusion": true, "cullFace": false, "texture": "side"},

                "localNegY": {"uv": [ 0, 0, 16, 16 ], "ambientocclusion": true, "cullFace": false, "texture": "bottom"},
                "localPosY": {"uv": [ 0, 0, 16, 16 ], "ambientocclusion": true, "cullFace": false, "texture": "top"},

                "localNegZ": {"uv": [ 0, 0, 16, 16 ], "ambientocclusion": true, "cullFace": false, "texture": "side"},
                "localPosZ": {"uv": [ 0, 0, 16, 16 ], "ambientocclusion": true, "cullFace": false, "texture": "side"}
            }
        },
		{
            "localBounds": [2,8,12, 14,20,14],
            "faces":
            {
                "localNegX": {"uv": [ 0, 0, 16, 16 ], "ambientocclusion": true, "cullFace": false, "texture": "side"},
                "localPosX": {"uv": [ 0, 0, 16, 16 ], "ambientocclusion": true, "cullFace": false, "texture": "side"},

                "localNegY": {"uv": [ 0, 0, 16, 16 ], "ambientocclusion": true, "cullFace": false, "texture": "bottom"},
                "localPosY": {"uv": [ 0, 0, 16, 16 ], "ambientocclusion": true, "cullFace": false, "texture": "top"},

                "localNegZ": {"uv": [ 0, 0, 16, 16 ], "ambientocclusion": true, "cullFace": false, "texture": "side"},
                "localPosZ": {"uv": [ 0, 0, 16, 16 ], "ambientocclusion": true, "cullFace": false, "texture": "side"}
            }
        },
		{
            "localBounds": [2,0,2, 4,8,4],
            "faces":
            {
                "localNegX": {"uv": [ 0, 0, 16, 16 ], "ambientocclusion": true, "cullFace": false, "texture": "side"},
                "localPosX": {"uv": [ 0, 0, 16, 16 ], "ambientocclusion": true, "cullFace": false, "texture": "side"},

                "localNegY": {"uv": [ 0, 0, 16, 16 ], "ambientocclusion": true, "cullFace": false, "texture": "bottom"},
                "localPosY": {"uv": [ 0, 0, 16, 16 ], "ambientocclusion": true, "cullFace": false, "texture": "top"},

                "localNegZ": {"uv": [ 0, 0, 16, 16 ], "ambientocclusion": true, "cullFace": false, "texture": "side"},
                "localPosZ": {"uv": [ 0, 0, 16, 16 ], "ambientocclusion": true, "cullFace": false, "texture": "side"}
            }
        },
		{
            "localBounds": [12,0,2, 14,8,4],
            "faces":
            {
                "localNegX": {"uv": [ 0, 0, 16, 16 ], "ambientocclusion": true, "cullFace": false, "texture": "side"},
                "localPosX": {"uv": [ 0, 0, 16, 16 ], "ambientocclusion": true, "cullFace": false, "texture": "side"},

                "localNegY": {"uv": [ 0, 0, 16, 16 ], "ambientocclusion": true, "cullFace": false, "texture": "bottom"},
                "localPosY": {"uv": [ 0, 0, 16, 16 ], "ambientocclusion": true, "cullFace": false, "texture": "top"},

                "localNegZ": {"uv": [ 0, 0, 16, 16 ], "ambientocclusion": true, "cullFace": false, "texture": "side"},
                "localPosZ": {"uv": [ 0, 0, 16, 16 ], "ambientocclusion": true, "cullFace": false, "texture": "side"}
            }
        },
		{
            "localBounds": [2,0,12, 4,8,14],
            "faces":
            {
                "localNegX": {"uv": [ 0, 0, 16, 16 ], "ambientocclusion": true, "cullFace": false, "texture": "side"},
                "localPosX": {"uv": [ 0, 0, 16, 16 ], "ambientocclusion": true, "cullFace": false, "texture": "side"},

                "localNegY": {"uv": [ 0, 0, 16, 16 ], "ambientocclusion": true, "cullFace": false, "texture": "bottom"},
                "localPosY": {"uv": [ 0, 0, 16, 16 ], "ambientocclusion": true, "cullFace": false, "texture": "top"},

                "localNegZ": {"uv": [ 0, 0, 16, 16 ], "ambientocclusion": true, "cullFace": false, "texture": "side"},
                "localPosZ": {"uv": [ 0, 0, 16, 16 ], "ambientocclusion": true, "cullFace": false, "texture": "side"}
            }
        },
		{
            "localBounds": [12,0,12, 14,8,14],
            "faces":
            {
                "localNegX": {"uv": [ 0, 0, 16, 16 ], "ambientocclusion": true, "cullFace": false, "texture": "side"},
                "localPosX": {"uv": [ 0, 0, 16, 16 ], "ambientocclusion": true, "cullFace": false, "texture": "side"},

                "localNegY": {"uv": [ 0, 0, 16, 16 ], "ambientocclusion": true, "cullFace": false, "texture": "bottom"},
                "localPosY": {"uv": [ 0, 0, 16, 16 ], "ambientocclusion": true, "cullFace": false, "texture": "top"},

                "localNegZ": {"uv": [ 0, 0, 16, 16 ], "ambientocclusion": true, "cullFace": false, "texture": "side"},
                "localPosZ": {"uv": [ 0, 0, 16, 16 ], "ambientocclusion": true, "cullFace": false, "texture": "side"}
            }
        }
    ]
}