{
	"textures":
    {
        "all":
        {
            "fileName": "tree_log_side.png"
        }
    },

		
	"cuboids": [
		{
			"localBounds": [4, 0, 4,12, 16, 12],
			
			
			"faces": {
				"localNegX": {"uv": [0, 0, 8, 16],"ambientocclusion": true, "cullFace": false, "texture": "side"},
				"localPosX": {"uv": [0, 0, 8, 16],"ambientocclusion": true, "cullFace": false, "texture": "side"},
				"localNegY": {"uv": [0, 0, 8, 16],"ambientocclusion": true, "cullFace": false, "texture": "side"},
				"localPosY": {"uv": [0, 0, 8, 16],"ambientocclusion": true, "cullFace": false, "texture": "side"},
				"localNegZ": {"uv": [0, 0, 8, 8],"ambientocclusion": true, "cullFace": false, "texture": "top"},
				"localPosZ": {"uv": [0, 0, 8, 8],"ambientocclusion": true, "cullFace": false, "texture": "bottom"}
			}
		}
	]
}