{"textures":{"default":{"fileName":"light_cyan_slab.png"}},"cuboids":[{"localBounds":[6,0,6,10,16,10],"faces":{"localNegX":{"uv":[6,0,10,16],"ambientocclusion":false,"cullFace":false,"texture":"default"},"localNegY":{"uv":[10,10,6,6],"ambientocclusion":false,"cullFace":true,"texture":"default"},"localNegZ":{"uv":[10,0,6,16],"ambientocclusion":false,"cullFace":false,"texture":"default"},"localPosX":{"uv":[6,0,10,16],"ambientocclusion":false,"cullFace":false,"texture":"default"},"localPosY":{"uv":[10,10,6,6],"ambientocclusion":false,"cullFace":true,"texture":"default"},"localPosZ":{"uv":[6,0,10,16],"ambientocclusion":false,"cullFace":false,"texture":"default"}}},{"localBounds":[8,5,7,16,7,9],"faces":{"localNegX":{"uv":[7,9,9,11],"ambientocclusion":false,"cullFace":false,"texture":"default"},"localNegY":{"uv":[8,9,0,7],"ambientocclusion":false,"cullFace":false,"texture":"default"},"localNegZ":{"uv":[8,9,0,11],"ambientocclusion":false,"cullFace":false,"texture":"default"},"localPosX":{"uv":[7,9,9,11],"ambientocclusion":false,"cullFace":true,"texture":"default"},"localPosY":{"uv":[8,9,0,7],"ambientocclusion":false,"cullFace":false,"texture":"default"},"localPosZ":{"uv":[8,9,16,11],"ambientocclusion":false,"cullFace":false,"texture":"default"}}},{"localBounds":[8,9,7,16,11,9],"faces":{"localNegX":{"uv":[7,5,9,7],"ambientocclusion":false,"cullFace":false,"texture":"default"},"localNegY":{"uv":[8,9,0,7],"ambientocclusion":false,"cullFace":false,"texture":"default"},"localNegZ":{"uv":[8,5,0,7],"ambientocclusion":false,"cullFace":false,"texture":"default"},"localPosX":{"uv":[7,5,9,7],"ambientocclusion":false,"cullFace":true,"texture":"default"},"localPosY":{"uv":[8,9,0,7],"ambientocclusion":false,"cullFace":false,"texture":"default"},"localPosZ":{"uv":[8,5,16,7],"ambientocclusion":false,"cullFace":false,"texture":"default"}}},{"localBounds":[8,13,7,16,15,9],"faces":{"localNegX":{"uv":[7,1,9,3],"ambientocclusion":false,"cullFace":false,"texture":"default"},"localNegY":{"uv":[8,9,0,7],"ambientocclusion":false,"cullFace":false,"texture":"default"},"localNegZ":{"uv":[8,1,0,3],"ambientocclusion":false,"cullFace":false,"texture":"default"},"localPosX":{"uv":[7,1,9,3],"ambientocclusion":false,"cullFace":true,"texture":"default"},"localPosY":{"uv":[8,9,0,7],"ambientocclusion":false,"cullFace":false,"texture":"default"},"localPosZ":{"uv":[8,1,16,3],"ambientocclusion":false,"cullFace":false,"texture":"default"}}}]}