{
	"textures":
    {
        "plate": {
            "fileName": "metal_panel.png"
        },
		"top": {
            "fileName": "tree_log_side.png"
        }
    },
	
	"cuboids": [
		{
			"localBounds": [0, 0, 0, 16, 1, 16],
			
			
			"faces": {
				"localNegX": {"uv": [0, 0, 16, 16],"ambientocclusion": true, "cullFace": false, "texture": "top"},
				"localPosX": {"uv": [0, 0, 16, 16],"ambientocclusion": true, "cullFace": false, "texture": "top"},
				"localNegY": {"uv": [0, 0, 16, 16],"ambientocclusion": true, "cullFace": false, "texture": "top"},
				"localPosY": {"uv": [0, 0, 16, 16],"ambientocclusion": true, "cullFace": false, "texture": "top"},
				"localNegZ": {"uv": [0, 0, 1, 16],"ambientocclusion": true, "cullFace": false, "texture": "top"},
				"localPosZ": {"uv": [0, 0, 1, 16],"ambientocclusion": true, "cullFace": false, "texture": "top"}
			}
		}
	]
}