{"textures":{"default":{"fileName":"hazard.png"}},"cuboids":[{"localBounds":[6,0,6,10,16,10],"faces":{"localNegX":{"uv":[6,0,10,16],"ambientocclusion":false,"cullFace":false,"texture":"default"},"localNegY":{"uv":[10,10,6,6],"ambientocclusion":false,"cullFace":true,"texture":"default"},"localNegZ":{"uv":[10,0,6,16],"ambientocclusion":false,"cullFace":false,"texture":"default"},"localPosX":{"uv":[6,0,10,16],"ambientocclusion":false,"cullFace":false,"texture":"default"},"localPosY":{"uv":[10,10,6,6],"ambientocclusion":false,"cullFace":true,"texture":"default"},"localPosZ":{"uv":[6,0,10,16],"ambientocclusion":false,"cullFace":false,"texture":"default"}}},{"localBounds":[7,5,0,9,7,8],"faces":{"localNegX":{"uv":[0,9,8,11],"ambientocclusion":false,"cullFace":false,"texture":"default"},"localNegY":{"uv":[9,8,7,0],"ambientocclusion":false,"cullFace":false,"texture":"default"},"localNegZ":{"uv":[9,9,7,11],"ambientocclusion":false,"cullFace":true,"texture":"default"},"localPosX":{"uv":[8,9,16,11],"ambientocclusion":false,"cullFace":false,"texture":"default"},"localPosY":{"uv":[9,16,7,8],"ambientocclusion":false,"cullFace":false,"texture":"default"},"localPosZ":{"uv":[7,9,9,11],"ambientocclusion":false,"cullFace":false,"texture":"default"}}},{"localBounds":[7,9,0,9,11,8],"faces":{"localNegX":{"uv":[0,5,8,7],"ambientocclusion":false,"cullFace":false,"texture":"default"},"localNegY":{"uv":[9,8,7,0],"ambientocclusion":false,"cullFace":false,"texture":"default"},"localNegZ":{"uv":[9,5,7,7],"ambientocclusion":false,"cullFace":true,"texture":"default"},"localPosX":{"uv":[8,5,16,7],"ambientocclusion":false,"cullFace":false,"texture":"default"},"localPosY":{"uv":[9,16,7,8],"ambientocclusion":false,"cullFace":false,"texture":"default"},"localPosZ":{"uv":[7,5,9,7],"ambientocclusion":false,"cullFace":false,"texture":"default"}}},{"localBounds":[7,13,0,9,15,8],"faces":{"localNegX":{"uv":[0,1,8,3],"ambientocclusion":false,"cullFace":false,"texture":"default"},"localNegY":{"uv":[9,8,7,0],"ambientocclusion":false,"cullFace":false,"texture":"default"},"localNegZ":{"uv":[9,1,7,3],"ambientocclusion":false,"cullFace":true,"texture":"default"},"localPosX":{"uv":[8,1,16,3],"ambientocclusion":false,"cullFace":false,"texture":"default"},"localPosY":{"uv":[9,16,7,8],"ambientocclusion":false,"cullFace":false,"texture":"default"},"localPosZ":{"uv":[7,1,9,3],"ambientocclusion":false,"cullFace":false,"texture":"default"}}}]}