{"textures":{"post-left":{"fileName":"birch_log_side.png"},"post-right":{"fileName":"birch_log_side.png"},"post-top":{"fileName":"birch_log.png"},"post-bottom":{"fileName":"birch_log.png"},"post-front":{"fileName":"birch_log_side.png"},"post-back":{"fileName":"birch_log_side.png"},"default":{"fileName":"birch_planks.png"}},"cuboids":[{"localBounds":[6,0,6,10,16,10],"faces":{"localNegX":{"uv":[6,0,10,16],"ambientocclusion":false,"cullFace":false,"texture":"post-left"},"localNegY":{"uv":[10,10,6,6],"ambientocclusion":false,"cullFace":true,"texture":"post-bottom"},"localNegZ":{"uv":[10,0,6,16],"ambientocclusion":false,"cullFace":false,"texture":"post-back"},"localPosX":{"uv":[6,0,10,16],"ambientocclusion":false,"cullFace":false,"texture":"post-right"},"localPosY":{"uv":[10,10,6,6],"ambientocclusion":false,"cullFace":true,"texture":"post-top"},"localPosZ":{"uv":[6,0,10,16],"ambientocclusion":false,"cullFace":false,"texture":"post-front"}}}]}